ACE	ACETYL GROUP
HEX	HEXANE
TMA	TETRAMETHYLAMMONIUM
SOH	HYDROGEN SULFATE; HYDROSULFATE
P25	PENTYL TRIHYDROGEN DIPHOSPHATE
CCN	ACETONITRILE
PR	PRASEODYMIUM
PTN	PLATINUM TRIAMINE
NO3	NITRATE
TCN	TETRACYANONICKELATE
BU1	1,4-BUTANEDIOL
BCN	BICINE
CB3	10-PROPARGYL-5,8-DIDEAZAFOLIC ACID
HCS	2-AMINO-4-MERCAPTO-BUTYRIC ACID
NBN	N-BUTYL ISOCYANIDE
SO2	SULFUR DIOXIDE
MO6	MAGNESIUM
MOH	METHANOL
CAC	CACODYLATE
MLT	D-MALATE; (2R)-2-HYDROXYBUTANEDIOIC ACID; 2-HYDROXY-SUCCINIC ACID
KR	KRYPTON
6PH	(1R)-2-(phosphonooxy)-1-[(tridecanoyloxy)methyl]ethyl pentadecanoate; PHOSPHATIDIC ACID
MOS	DIOXOTHIOMOLYBDENUM(VI)
UNL	Unknown ligand
MO3	MAGNESIUM
SR	STRONTIUM
CD3	CADMIUM
PB	LEAD
ACM	ACETAMIDE
LUT	(3R,3'R,6S)-4,5-DIDEHYDRO-5,6-DIHYDRO-BETA,BETA-CAROTENE-3,3'-DIOL; (3R,3'R)-BETA,BETA-CAROTENE-3,3'-DIOL; LUTEIN
PMS	phenylmethanesulfonic acid
OF3	FERRIC
SCN	THIOCYANATE
DHB	3,4-DIHYDROXYBENZOIC ACID
E4N	TETRAETHYLAMMONIUM
13P	1,3-DIHYDROXYACETONEPHOSPHATE
3PG	3-PHOSPHOGLYCERIC ACID
CYC	PHYCOCYANOBILIN
NC	METHYLAMINE GROUP
BEN	BENZAMIDINE
NAO	SODIUM
PHQ	benzyl chlorocarbonate
EPE	4-(2-HYDROXYETHYL)-1-PIPERAZINE ETHANESULFONIC ACID; HEPES
BME	BETA-MERCAPTOETHANOL
TB	TERBIUM
ETE	2-{2-[2-2-(METHOXY-ETHOXY)-ETHOXY]-ETHOXY}-ETHANOL
EU	EUROPIUM
OES	N-OCTYL-2-HYDROXYETHYL SULFOXIDE
EAP	2-AMINO-VINYL-PHOSPHATE
ETX	2-ETHOXYETHANOL
BEZ	BENZOIC ACID
5AD	5'-DEOXYADENOSINE
OC2	CALCIUM
OLA	OLEIC ACID
GD3	GADOLINIUM
CIT	CITRIC ACID
DVT	DECAVANADATE
OC6	CALCIUM
MW1	MANGANESE
OC3	CALCIUM
SRT	S,R MESO-TARTARIC ACID
LCO	CHLORATE
BNZ	BENZENE
PPV	PYROPHOSPHATE
STE	STEARIC ACID
PEG	DI(HYDROXYETHYL)ETHER
RU	RUTHENIUM
PGE	TRIETHYLENE GLYCOL
MPO	3[N-MORPHOLINO]PROPANE SULFONIC ACID
B3P	2-[3-(2-HYDROXY-1,1-DIHYDROXYMETHYL-ETHYLAMINO)-PROPYLAMINO]-2-HYDROXYMETHYL-PROPANE-1,3-DIOL
OGA	N-OXALYLGLYCINE
IPA	ISOPROPYL ALCOHOL; 2-PROPANOL
LU	LUTETIUM
EDO	1,2-ETHANEDIOL; ETHYLENE GLYCOL
MAC	MERCURY ACETATE
9PE	(1R)-2-{[(S)-(2-aminoethoxy)(hydroxy)phosphoryl]oxy}-1-[(heptanoyloxy)methyl]ethyl octadecanoate; 3-SN-PHOSPHATIDYLETHANOLAMINE
IPH	PHENOL
MBN	TOLUENE
C1O	CU-O LINKAGE
1PE	PENTAETHYLENE GLYCOL; PEG400
YF3	2-{[(4-AMINO-2-METHYLPYRIMIDIN-5-YL)METHYL]AMINO}PROPANE-1-THIOL
PEF	DI-PALMITOYL-3-SN-PHOSPHATIDYLETHANOLAMINE; 3-[AMINOETHYLPHOSPHORYL]-[1,2-DI-PALMITOYL]-SN-GLYCEROL
GD	GADOLINIUM ATOM
8PE	(2R)-3-{[(S)-(2-aminoethoxy)(hydroxy)phosphoryl]oxy}-2-(tetradecanoyloxy)propyl octadecanoate; 3-SN-PHOSPHATIDYLETHANOLAMINE
DKA	DECANOIC ACID
RB	RUBIDIUM
YB	YTTERBIUM
GGD	NONADEC-10-ENOIC ACID 2-[3,4-DIHYDROXY-6-HYDROXYMETHYL-5-(3,4,5-TRIHYDROXY-6-HYDROXYMETHYL-TETRAHYDRO-PYRAN-2-YLOXY)-TETRAHYDRO-PYRAN-2-YLOXY] -1-OCTADEC-9-ENOYLOXYMETHYL-ETHYL ESTER; GLUCOSYL-GALACTOSYL DIACYL-GLYCEROL
SE4	SELENATE
LHG	1,2-DIPALMITOYL-PHOSPHATIDYL-GLYCEROLE
SMO	DIOXOSULFIDOMOLYBDENUM
DGD	DIGALACTOSYL DIACYL GLYCEROL (DGDG)
CMO	CARBON MONOXIDE
MLI	MALONATE
MW2	MANGANESE
DTT	2,3-DIHYDROXY-1,4-DITHIOBUTANE; 1,4-DITHIOTHREITOL
DOD	DEUTERATED WATER
7PH	(1R)-2-(dodecanoyloxy)-1-[(phosphonooxy)methyl]ethyl tetradecanoate; PHOSPHATIDIC ACID
PBM	TRIMETHYL LEAD
AU	GOLD
FOR	FORMYL GROUP
PSC	(7R,17E,20E)-4-HYDROXY-N,N,N-TRIMETHYL-9-OXO-7-[(PALMITOYLOXY)METHYL]-3,5,8-TRIOXA-4-PHOSPHAHEXACOSA-17,20-DIEN-1-AMINIUM 4-OXIDE; PHOSPHATIDYLCHOLINE; 2-LINOLEOYL-1-PALMITOYL-SN-GYCEROL-3-PHOSPHOCHOLINE
TG1	OCTANOIC ACID [3S-[3ALPHA, 3ABETA, 4ALPHA, 6BETA, 6ABETA, 7BETA, 8ALPHA(Z), 9BALPHA]]-6-(ACETYLOXY)-2,3,-3A,4,5,6,6A,7,8,9B-DECAHYDRO-3,3A-DIHYDROXY-3,6,9-TRIMETHYL-8-[(2-METHYL-1-OXO-2-BUTENYL)OX Y]-2-OXO-4-(1-OXOBUTOXY)-AZULENO[4,5-B]FURAN-7-YL ESTER; THAPSIGARGIN
KAI	3-(CARBOXYMETHYL)-4-ISOPROPENYLPROLINE; KAINATE
1PG	2-(2-{2-[2-(2-METHOXY-ETHOXY)-ETHOXY]-ETHOXY}-ETHOXY)-ETHANOL
DGA	DIACYL GLYCEROL
IR	IRIDIUM
PE4	2-{2-[2-(2-{2-[2-(2-ETHOXY-ETHOXY)-ETHOXY]-ETHOXY}-ETHOXY)-ETHOXY]-ETHOXY}-ETHANOL; POLYETHYLENE GLYCOL PEG4000
VO4	VANADATE
ACN	ACETONE
AG	SILVER
MO4	MAGNESIUM
OCL	COBALT
6UL	TETRACOSYL PALMITATE
CHT	CHOLINE
RHD	RHODIUM HEXAMINE
CPS	3-[(3-CHOLAMIDOPROPYL)DIMETHYLAMMONIO]-1-PROPANESULFONATE; CHAPS
IR3	IRIDIUM
OC4	CALCIUM
MTE	PHOSPHONIC ACIDMONO-(2-AMINO-5,6-DIMERCAPTO-4-OXO-3,7,8A,9,10,10A-HEXAHYDRO-4H-8-OXA-1,3,9,10-TETRAAZA-ANTHRACEN-7-YLMETHYL)ESTER
HGC	METHYL MERCURY
CR	CHROMIUM
PC1	1,2-DIACYL-SN-GLYCERO-3-PHOSPHOCHOLINE; 3-SN-PHOSPHATIDYLCHOLINE
HC4	4'-HYDROXYCINNAMIC ACID; PARA-COUMARIC ACID
TEA	TRIETHYLAMMONIUM
BOG	octyl beta-D-glucopyranoside; Beta-Octylglucoside; octyl beta-D-glucoside; octyl D-glucoside; octyl glucoside
PEO	HYDROGEN PEROXIDE
PE5	3,6,9,12,15,18,21,24-OCTAOXAHEXACOSAN-1-OL; 2-(2-{2-[2-(2-{2-[2-(2-ETHOXY-ETHOXY)-ETHOXY]-ETHOXY}-ETHOXY)-ETHOXY]-ETHOXY}-ETHOXY)-ETHANOL; POLYETHYLENE GLYCOL PEG400
144	TRIS-HYDROXYMETHYL-METHYL-AMMONIUM
IUM	URANYL
LMG	1,2-DISTEAROYL-MONOGALACTOSYL-DIGLYCERIDE
SQU	2,10,23-TRIMETHYL-TETRACOSANE; LIPID FRAGMENT
MMC	METHYL MERCURY
GOL	GLYCEROL; GLYCERIN; PROPANE-1,2,3-TRIOL
NVP	11-CYCLOPROPYL-5,11-DIHYDRO-4-METHYL-6H-DIPYRIDO[3,2-B:2',3'-E][1,4]DIAZEPIN-6-ONE; NON-NUCLEOSIDE RT INHIBITOR NEVIRAPINE
AU3	GOLD
3PH	1,2-DIACYL-GLYCEROL-3-SN-PHOSPHATE; PHOSPHATIDIC ACID
PT4	PLATINUM
PGO	S-1,2-PROPANEDIOL
ICT	ISOCITRIC ACID
OCM	COBALT
BCR	BETA-CAROTENE
PG4	TETRAETHYLENE GLYCOL
L4P	3-[GLYCEROLYLPHOSPHONYL]-[1,2-DI-PHYTANYL]GLYCEROL; 2,3-DI-O-PHYTANLY-3-SN-GLYCERO-1-PHOSPHORYL-3'-SN-GLYCEROL
OPC	(7R,17E)-4-HYDROXY-N,N,N,7-TETRAMETHYL-7-[(8E)-OCTADEC-8-ENOYLOXY]-10-OXO-3,5,9-TRIOXA-4-PHOSPHAHEPTACOS-17-EN-1-AMINIUM 4-OXIDE; DIOLEOYL-PHOSPHATIDYLCHOLINE
OXM	OXAMIC ACID
SQD	1,2-DI-O-ACYL-3-O-[6-DEOXY-6-SULFO-ALPHA-D-GLUCOPYRANOSYL]-SN-GLYCEROL; SULFOQUINOVOSYLDIACYLGLYCEROL
PQ9	5-[(2E,6E,10E,14E,18E,22E)-3,7,11,15,19,23,27-HEPTAMETHYLOCTACOSA-2,6,10,14,18,22,26-HEPTAENYL]-2,3-DIMETHYLBENZO-1,4-QUINONE
BAM	BENZAMIDINE
PI	HYDROGENPHOSPHATE
PL9	2,3-DIMETHYL-5-(3,7,11,15,19,23,27,31,35-NONAMETHYL-2,6,10,14,18,22,26,30,34-HEXATRIACONTANONAENYL-2,5-CYCLOHEXADIENE-1,4-DIONE-2,3-DIMETHYL-5-SOLANESYL-1,4-BENZOQUINONE; PLASTOQUINONE 9
P6G	HEXAETHYLENE GLYCOL; POLYETHYLENE GLYCOL PEG400
IRI	IRIDIUM HEXAMMINE
15P	POLYETHYLENE GLYCOL (N=34); PEG 1500
MAE	MALEIC ACID
MBO	MERCURIBENZOIC ACID
FMT	FORMIC ACID
L1P	3-PHOSPHORYL-[1,2-DI-PHYTANYL]GLYCEROL; 1,2-DI-1-(3,7,11,15-TETRAMETHYL-HEXADECANE)-SN-GLYCERO-3-PHOSPHATE
DUD	DEOXYURIDINE-5'-DIPHOSPHATE
PGV	(1R)-2-{[{[(2S)-2,3-DIHYDROXYPROPYL]OXY}(HYDROXY)PHOSPHORYL]OXY}-1-[(PALMITOYLOXY)METHYL]ETHYL (11E)-OCTADEC-11-ENOATE; PHOSPHATIDYLGLYCEROL; 2-VACCENOYL-1-PALMITOYL-SN-GLYCEROL-3-PHOSPHOGLYCEROL
CD1	CADMIUM
P33	3,6,9,12,15,18-HEXAOXAICOSANE-1,20-DIOL; HEPTAETHYLENE GLYCOL; PEG330
DTU	(2R,3S)-1,4-DIMERCAPTOBUTANE-2,3-DIOL
XAT	(3S,5R,6S,3'S,5'R,6'S)-5,6,5',6'-DIEPOXY-5,6,5',6'- TETRAHYDRO-BETA,BETA-CAROTENE-3,3'-DIOL; VIOLAXANTHIN
CD	CADMIUM
THE	THREONATE
U1	URANIUM ATOM
NA	SODIUM
MW3	MANGANESE
BHG	hexyl beta-D-galactopyranoside; 2-HEXYLOXY-6-HYDROXYMETHYL-TETRAHYDRO-PYRAN-3,4,5-TRIOL; hexyl beta-D-galactoside; hexyl D-galactoside; hexyl galactoside
Y1	YTTRIUM
OCT	N-OCTANE
BET	TRIMETHYL GLYCINE
MPD	(4S)-2-METHYL-2,4-PENTANEDIOL
HTO	HEPTANE-1,2,3-TRIOL
IBM	3-ISOBUTYL-1-METHYLXANTHINE
D01	2-({4-[(5-CHLORO-1H-INDOL-2-YL)SULFONYL]PIPERAZIN-1-YL}CARBONYL)THIENO[3,2-B]PYRIDINE 4-OXIDE; 2-[[4-[(5-CHLOROINDOL-2-YL)SULFONYL]PIPERAZIN-1-YL] CARBONYL]THIENO[3,2-B]PYRIDINE N-OXIDE
HAI	CYCLOHEXYLAMMONIUM
HED	2-HYDROXYETHYL DISULFIDE
CAD	CACODYLIC ACID; HYDROXYDIMETHYLARSINE OXIDE
CUZ	(MU-4-SULFIDO)-TETRA-NUCLEAR COPPER
TLA	L(+)-TARTARIC ACID
SO4	SULFATE
OC5	CALCIUM
ETF	TRIFLUOROETHANOL
MRD	(4R)-2-METHYLPENTANE-2,4-DIOL
PT	PLATINUM
PHB	P-HYDROXYBENZOIC ACID
URE	UREA
MLA	MALONIC ACID; DICARBOXYLIC ACID C3; PROPANEDIOLIC ACID; METHANEDICARBOXYLIC ACID
TGL	TRISTEAROYLGLYCEROL; TRIACYLGLYCEROL
PLM	PALMITIC ACID
NET	TETRAETHYLAMMONIUM
LAC	LACTIC ACID
AUC	GOLD (I) CYANIDE; GOLD CYANIDE
UNX	UNKNOWN ATOM OR ION
GA	GALLIUM
DMS	DIMETHYL SULFOXIDE
MO2	MAGNESIUM
LA	LANTHANUM
NI	NICKEL
TE	TELLURIUM
THJ	THIOSULFATE
NHE	2-[N-CYCLOHEXYLAMINO]ETHANE SULFONIC ACID; N-CYCLOHEXYLTAURINE; CHES
HAE	ACETOHYDROXAMIC ACID
MO1	MAGNESIUM
DAO	LAURIC ACID
3PE	1,2-Distearoyl-sn-glycerophosphoethanolamine; 3-SN-PHOSPHATIDYLETHANOLAMINE; 1,2-DIACYL-SN-GLYCERO-3-PHOSPHOETHANOLAMINE
LMU	DODECYL-ALPHA-D-MALTOSIDE
DHJ	4-(2-CARBOXYETHYL)(HYDROXY)PHOSPHORYL]-3-OXOBUTANOIC ACID; 4-[(2-CARBOXYETHYL)HYDROXYPHOSPHINYL] 3-OXOBUTYRIC ACID
FLC	CITRATE
SAL	2-HYDROXYBENZOIC ACID; SALICYLIC ACID
GAI	GUANIDINE
ORO	OROTIC ACID
HEZ	HEXANE-1,6-DIOL
TAM	TRIS(HYDROXYETHYL)AMINOMETHANE
TRA	ACONITATE
NEX	(1R,3R)-6-{(3E,5E,7E,9E,11E,13E,15E,17E)-18-[(1S,4R,6R)-4-HYDROXY-2,2,6-TRIMETHYL-7-OXABICYCLO[4.1.0]HEPT-1-YL]-3,7,12,16-TETRAMETHYLOCTADECA-1,3,5,7,9,11,13,15,17-NONAENYLIDENE}-1,5,5-TRIMETHYLCYCLOHEXANE-1,3-DIOL; (3S,5R,6R,3'S,5'R,6'S)-5',6'-EPOXY-6,7-DIDEHYDRO- 5,6,5',6'-TETRAHYDRO-BETA,BETA-CAROTENE-3,5,3'-TRIOL; 9'-CIS-NEOXANTHIN
CXS	3-CYCLOHEXYL-1-PROPYLSULFONIC ACID
LCP	PERCHLORATE
HOH	WATER
OCN	COBALT
PER	PEROXIDE
ACY	ACETIC ACID
MH2	MANGANESE
ARS	ARSENIC
12P	DODECAETHYLENE GLYCOL; POLYETHYLENE GLYCOL PEG400
L3P	2,3-DI-O-PHYTANLY-3-SN-GLYCERO-1-PHOSPHORYL-3'-SN-GLYCEROL-1'-PHOSPHATE
PUT	1,4-DIAMINOBUTANE; PUTRESCINE
IN	INDIUM
CS	CESIUM
NAW	SODIUM
SB	ANTIMONY
GUN	GUANINE
SX	SULFUR OXIDE
CON	COBALT TETRAAMMINE
C2O	CU-O-CU LINKAGE
EMC	ETHYL MERCURY
BO4	BORATE
BNG	nonyl beta-D-glucopyranoside; Beta-NONYLGLUCOSIDE; nonyl beta-D-glucoside; nonyl D-glucoside; nonyl glucoside
MN5	MANGANESE
K	POTASSIUM
CYN	CYANIDE
H2S	HYDROSULFURIC ACID; HYDROGEN SULFIDE
MH3	MANGANESE; [MN(OH)]2+
YT3	YTTRIUM
P22	ETHYL DIHYDROGEN DIPHOSPHATE
KO4	POTASSIUM
1AG	(2S)-2,3-dihydroxypropyl (5Z,8Z,11Z,14Z)-icosa-5,8,11,14-tetraenoate
CE	CERIUM
IPL	INDOLE-3-PROPANOL PHOSPHATE
PG6	1-(2-METHOXY-ETHOXY)-2-{2-[2-(2-METHOXY-ETHOXY]-ETHOXY}-ETHANE
MO5	MAGNESIUM
F09	NONAN-1-OL
HO	HOLMIUM ATOM
AL	ALUMINUM
TRS	2-AMINO-2-HYDROXYMETHYL-PROPANE-1,3-DIOL; TRIS BUFFER
EOH	ETHANOL
GCP	PHOSPHOMETHYLPHOSPHONIC ACID GUANYLATE ESTER
MSE	SELENOMETHIONINE
AKR	ACRYLIC ACID
NCO	COBALT HEXAMMINE(III)
PO4	PHOSPHATE
L2P	2,3-DI-PHYTANYL-GLYCEROL; 1,2-DI-1-(3,7,11,15-TETRAMETHYL-HEXADECANE)-SN-GLYCEROL
LDA	LAURYL DIMETHYLAMINE-N-OXIDE
SIN	SUCCINIC ACID
DMI	2,3-DIMETHYLIMIDAZOLIUM
SM	SAMARIUM
DTD	DITHIANE DIOL
SGM	MONOTHIOGLYCEROL
DIO	1,4-DIETHYLENE DIOXIDE
PPI	PROPANOIC ACID
DDQ	DECYLAMINE-N,N-DIMETHYL-N-OXIDE
DPO	DIPHOSPHATE
HCA	3-HYDROXY-3-CARBOXY-ADIPIC ACID
CO5	COBALT
PD	PALLADIUM
OS	OSMIUM
OH	HYDROXIDE
NA6	SODIUM
NAG	2-acetamido-2-deoxy-beta-D-glucopyranose; N-acetyl-beta-D-glucosamine; 2-acetamido-2-deoxy-beta-D-glucose; 2-acetamido-2-deoxy-D-glucose; 2-acetamido-2-deoxy-glucose; N-ACETYL-D-GLUCOSAMINE
W	TUNGSTEN
ENC	ETHYL ISOCYANIDE
NA5	SODIUM
LI1	1-[2,6,10.14-TETRAMETHYL-HEXADECAN-16-YL]-2-[2,10,14-TRIMETHYLHEXADECAN-16-YL]GLYCEROL; LIPID FRAGMENT
P4C	O-ACETALDEHYDYL-HEXAETHYLENE GLYCOL; POLYETHYLENE 400
GLV	GLYOXYLIC ACID; GLYOXALATE; GLYOXYLATE
DMF	DIMETHYLFORMAMIDE
ACT	ACETATE
BTB	2-[BIS-(2-HYDROXY-ETHYL)-AMINO]-2-HYDROXYMETHYL-PROPANE-1,3-DIOL; BIS-TRIS BUFFER
6PL	(4S,7R)-4-HYDROXY-N,N,N-TRIMETHYL-9-OXO-7-[(PALMITOYLOXY)METHYL]-3,5,8-TRIOXA-4-PHOSPHAHEXACOSAN-1-AMINIUM 4-OXIDE; 1-PALMITOYL-2-STEAROYL-SN-GLYCERO-3-PHOSPHOCHOLINE
BGL	2-O-octyl-beta-D-glucopyranose; 2-O-octyl-beta-D-glucose; 2-O-octyl-D-glucose; 2-O-octyl-glucose
OF1	FERROUS
N8E	3,6,9,12,15-PENTAOXATRICOSAN-1-OL; N-OCTYLPENTAOXYETHYLENE; PENTAETHYLENE GLYCOL MONOOCTYL ETHER; OCTYLPENTAGLYCOL N-OCTYLPENTAOXYETHYLENE
LMT	DODECYL-BETA-D-MALTOSIDE
THM	THYMIDINE; DEOXYTHYMIDINE; 2'-DEOXYTHYMIDINE
EU3	EUROPIUM
PGR	R-1,2-PROPANEDIOL
NA2	SODIUM
FOL	FOLIC ACID
543	CALCIUM
PEK	(1S)-2-{[(2-AMINOETHOXY)(HYDROXY)PHOSPHORYL]OXY}-1-[(STEAROYLOXY)METHYL]ETHYL (5E,8E,11E,14E)-ICOSA-5,8,11,14-TETRAENOATE; PHOSPHATIDYLETHANOLAMINE; 2-ARACHIDONOYL-1-STEAROYL-SN-GLYCEROL-3-PHOSPHOETHANOLAMINE
NSP	5-(AMINOMETHYL)-2-METHYLPYRIMIDIN-4-AMINE
PEE	1,2-dioleoyl-sn-glycero-3-phosphoethanolamine; DOPE
OCO	COBALT
CHD	CHOLIC ACID
CO2	CARBON DIOXIDE
TBU	TERTIARY-BUTYL ALCOHOL; 2-METHYL-2-PROPANOL
UMQ	UNDECYL-MALTOSIDE; UNDECYL-BETA-D-MALTOPYRANOSIDE
MES	2-(N-MORPHOLINO)-ETHANESULFONIC ACID
NH4	AMMONIUM
CD5	CADMIUM
HTG	heptyl 1-thio-beta-D-glucopyranoside; HEPTYL 1-THIOHEXOPYRANOSIDE; heptyl 1-thio-beta-D-glucoside; heptyl 1-thio-D-glucoside; heptyl 1-thio-glucoside
DEP	DIETHYL PHOSPHONATE
OC1	CALCIUM
KDO	3-deoxy-alpha-D-manno-oct-2-ulopyranosonic acid; 3-deoxy-d-manno-oct-2-ulopyranosonic acid; 2-keto-3-deoxy-D-mannooctanoic acid; 3-deoxy-alpha-D-manno-oct-2-ulosonic acid; 3-deoxy-D-manno-oct-2-ulosonic acid; 3-deoxy-manno-oct-2-ulosonic acid
2PE	NONAETHYLENE GLYCOL
PE3	3,6,9,12,15,18,21,24,27,30,33,36,39-TRIDECAOXAHENTETRACONTANE-1,41-DIOL; POLYETHYLENE GLYCOL
IOD	IODIDE
NDG	2-acetamido-2-deoxy-alpha-D-glucopyranose; N-acetyl-alpha-D-glucosamine; 2-acetamido-2-deoxy-alpha-D-glucose; 2-acetamido-2-deoxy-D-glucose; 2-acetamido-2-deoxy-glucose; 2-(ACETYLAMINO)-2-DEOXY-A-D-GLUCOPYRANOSE
CL	CHLORIDE
HG	MERCURY
F	FLUORIDE
XE	XENON
TL	THALLIUM
BA	BARIUM
LI	LITHIUM
BR	BROMIDE
TAU	2-AMINOETHANESULFONIC ACID
TCA	PHENYLETHYLENECARBOXYLIC ACID
SPD	SPERMIDINE; N-(2-AMINO-PROPYL)-1,4-DIAMINOBUTANE; PA(34)
SPM	SPERMINE
SAR	SARCOSINE
SUC	SUCROSE
PAM	PALMITOLEIC ACID
SPH	SPHINGOSINE
BE7	(4-CARBOXYPHENYL)(CHLORO)MERCURY; P-CHLOROMERCURIBENZOIC ACID
P4G	1-ETHOXY-2-(2-ETHOXYETHOXY)ETHANE
OLC	(2R)-2,3-dihydroxypropyl (9Z)-octadec-9-enoate; 1-Oleoyl-R-glycerol
OLB	(2S)-2,3-dihydroxypropyl (9Z)-octadec-9-enoate
LFA	EICOSANE; LIPID FRAGMENT
D10	DECANE
D12	DODECANE
DD9	nonane
HP6	HEPTANE
R16	HEXADECANE
PX4	1,2-DIMYRISTOYL-SN-GLYCERO-3-PHOSPHOCHOLINE
TRD	TRIDECANE; LIPID FRAGMENT
UND	UNDECANE; LIPID FRAGMENT
FTT	3-HYDROXY-TETRADECANOIC ACID; 3-HYDROXY-MYRISTIC ACID
MYR	MYRISTIC ACID
RG1	Rhodopin b-D-glucoside; (3E)-3,4-didehydro-1',2'-dihydro-psi,psi-caroten-1'-yl beta-D-glucopyranoside
IMD	IMIDAZOLE
DMN	DIMETHYLAMINE
KEN	N,N-dimethylmethanamine
C14	TETRADECANE
UPL	UNKNOWN BRANCHED FRAGMENT OF PHOSPHOLIPID; UNKNOWN PHOSPHOLIPID FRAGMENT
CMJ	(20S)-20-methyldotetracontane
ULI	tetracontane; n-Tetracontane
MYS	PENTADECANE
TWT	DOCOSANE
M2M	1-METHOXY-2-(2-METHOXYETHOXY)ETHANE
P15	2,5,8,11,14,17-HEXAOXANONADECAN-19-OL
PG0	2-(2-METHOXYETHOXY)ETHANOL; PEG 6000
PEU	2,5,8,11,14,17,20,23,26,29,32,35,38,41,44,47,50,53,56,59,62,65,68,71,74,77,80-HEPTACOSAOXADOOCTACONTAN-82-OL; PEG 8000
AE3	2-(2-ETHOXYETHOXY)ETHANOL
TOE	2-[2-(2-METHOXY-ETHOXY)-ETHOXY]-ETHOXYL
ME2	1-ETHOXY-2-(2-METHOXYETHOXY)ETHANE
PE8	3,6,9,12,15,18,21-HEPTAOXATRICOSANE-1,23-DIOL
6JZ	3,6,9,12,15-pentaoxaheptadecane; Part of Jeffamine
7PE	2-(2-(2-(2-(2-(2-ETHOXYETHOXY)ETHOXY)ETHOXY)ETHOXY)ETHOXY)ETHANOL; POLYETHYLENE GLYCOL FRAGMENT
P3G	3,6,9,12,15-PENTAOXAHEPTADECANE
7PG	2,5,8,11,14,17,20,23-OCTAOXAPENTACOSAN-25-OL
PG5	1-METHOXY-2-[2-(2-METHOXY-ETHOXY]-ETHANE
16P	3,6,9,12,15,18-HEXAOXAICOSANE
XPE	3,6,9,12,15,18,21,24,27-NONAOXANONACOSANE-1,29-DIOL; DECAETHYLENE GLYCOL
PGF	2,5,8,11-TETRAOXATRIDECANE
AE4	3,6,9,12,15-PENTAOXAHEPTADECAN-1-OL
7E8	(2R)-2,3-DIHYDROXYPROPYL (7Z)-TETRADEC-7-ENOATE; 7.7 MAG
7E9	1,3-DIHYDROXYPROPAN-2-YL (Z)-TETRADEC-7-ENOATE
MVC	MONOVACCENIN; 11.7 MAG
TAR	D(-)-TARTARIC ACID
DMR	2-HYDROXY-SUCCINIC ACID; D-Malate
LMR	(2S)-2-hydroxybutanedioic acid; L-Malate
NER	(15E)-TETRACOS-15-ENOIC ACID; CIS-15-TETRACOSENOIC ACID
02U	14-methylhexadec-9-enoic acid
NGZ	2-acetamido-2-deoxy-alpha-L-glucopyranose; N-acetyl-alpha-L-glucosamine; 2-acetamido-2-deoxy-alpha-L-glucose; 2-acetamido-2-deoxy-L-glucose; 2-acetamido-2-deoxy-glucose; 2-(ACETYLAMINO)-2-DEOXY-ALPHA-L-GLUCOPYRANOSE
LXB	2-acetamido-2-deoxy-beta-D-gulopyranose; N-acetyl-beta-D-gulosamine; 2-acetamido-2-deoxy-beta-D-gulose; 2-acetamido-2-deoxy-D-gulose; 2-acetamido-2-deoxy-gulose; 2-(acetylamino)-2-deoxy-beta-D-gulopyranose
A2G	2-acetamido-2-deoxy-alpha-D-galactopyranose; N-acetyl-alpha-D-galactosamine; 2-acetamido-2-deoxy-alpha-D-galactose; 2-acetamido-2-deoxy-D-galactose; 2-acetamido-2-deoxy-galactose; N-ACETYL-2-DEOXY-2-AMINO-GALACTOSE
BM3	2-acetamido-2-deoxy-alpha-D-mannopyranose; N-acetyl-alpha-D-mannosamine; 2-acetamido-2-deoxy-alpha-D-mannose; 2-acetamido-2-deoxy-D-mannose; 2-acetamido-2-deoxy-mannose; 2-(ACETYLAMINO)-2-DEOXY-ALPHA-D-MANNOPYRANOSE
NAA	2-acetamido-2-deoxy-beta-D-allopyranose; N-acetyl-beta-D-allosamine; 2-acetamido-2-deoxy-beta-D-allose; 2-acetamido-2-deoxy-D-allose; 2-acetamido-2-deoxy-allose; N-ACETYL-D-ALLOSAMINE
NGA	2-acetamido-2-deoxy-beta-D-galactopyranose; N-acetyl-beta-D-galactosamine; 2-acetamido-2-deoxy-beta-D-galactose; 2-acetamido-2-deoxy-D-galactose; 2-acetamido-2-deoxy-galactose; N-ACETYL-D-GALACTOSAMINE
LXZ	2-acetamido-2-deoxy-alpha-D-idopyranose; N-acetyl-alpha-D-idosamine; 2-acetamido-2-deoxy-alpha-D-idose; 2-acetamido-2-deoxy-D-idose; 2-acetamido-2-deoxy-idose; 2-(acetylamino)-2-deoxy-alpha-D-idopyranose
PX6	1,2-DIPALMITOYL-SN-GLYCERO-3-PHOSPHATE
PA8	1,2-DIOCTANOYL-SN-GLYCERO-3-PHOSPHATE
LPP	2-(HEXADECANOYLOXY)-1-[(PHOSPHONOOXY)METHYL]ETHYL HEXADECANOATE; 1,2-DIPALMITOYL-SN-GLYCERO-3-PHOSPHATE; L-B,G-DIPALMITOYL-A-PHOSPHATIDIC ACID DISODIUM SALT; 3-SN-PHOSPHATIDIC ACID; 1,2-DIPALMITOYLDISODIUM SALT
PX2	1,2-DILAUROYL-SN-GLYCERO-3-PHOSPHATE
MYY	(2R)-3-(PHOSPHONOOXY)-2-(TETRADECANOYLOXY)PROPYL PALMITATE
PX8	1,2-DISTEAROYL-SN-GLYCERO-3-PHOSPHATE
PD7	(2R)-3-(phosphonooxy)propane-1,2-diyl diheptanoate
XP4	1,2-DIMYRISTOYL-SN-GLYCERO-3-PHOSPHATE
XPA	1,2-DIDECANOYL-SN-GLYCERO-3-PHOSPHATE
PEV	(1S)-2-{[(2-AMINOETHOXY)(HYDROXY)PHOSPHORYL]OXY}-1-[(PALMITOYLOXY)METHYL]ETHYL STEARATE; PHOSPHATIDYLETHANOLAMINE; 1-PALMITOYL-2-OLEOYL-SN-GLYCERO-3-PHOSPHOETHANOLAMINE
6PE	1,2-DIHEXANOYL-SN-GLYCERO-3-PHOSPHOETHANOLAMINE
PEX	1,2-DIDECANOYL-SN-GLYCERO-3-PHOSPHOETHANOLAMINE
PEH	DI-STEAROYL-3-SN-PHOSPHATIDYLETHANOLAMINE
PTY	PHOSPHATIDYLETHANOLAMINE
YB2	YTTERBIUM
PGT	(1S)-2-{[{[(2R)-2,3-DIHYDROXYPROPYL]OXY}(HYDROXY)PHOSPHORYL]OXY}-1-[(PALMITOYLOXY)METHYL]ETHYL STEARATE; PHOSPHATIDYLGLYCEROL; 1-PALMITOYL-2-OLEOYL-SN-GLYCERO-3-[PHOSPHO-RAC-(1-GLYCEROL)](SODIUM SALT)
CN3	(2R,5S,11R,14R)-5,8,11-trihydroxy-2-(nonanoyloxy)-5,11-dioxido-16-oxo-14-[(propanoyloxy)methyl]-4,6,10,12,15-pentaoxa-5,11-diphosphanonadec-1-yl undecanoate; CARDIOLIPIN
AGA	(1S)-2-{[{[(2S)-2,3-DIHYDROXYPROPYL]OXY}(HYDROXY)PHOSPHORYL]OXY}-1-[(PENTANOYLOXY)METHYL]ETHYL OCTANOATE; PHOSPHATIDYL GLYCEROL
DGG	1-[GLYCEROLYLPHOSPHONYL]-2-[8-(2-HEXYL-CYCLOPROPYL)-OCTANAL-1-YL]-3-[HEXADECANAL-1-YL]-GLYCEROL
CD4	(2R,5R,11R,14R)-5,8,11-trihydroxy-5,11-dioxido-17-oxo-2,14-bis(tetradecanoyloxy)-4,6,10,12,16-pentaoxa-5,11-diphosphatriacont-1-yl tetradecanoate; tetramyristoyl-cardiolipin
CN6	(2R,5R,11S,14R)-2-(butanoyloxy)-5,8,11-trihydroxy-5,11-dioxido-16-oxo-14-[(propanoyloxy)methyl]-4,6,10,12,15-pentaoxa-5,11-diphosphanonadec-1-yl undecanoate
CDL	CARDIOLIPIN; DIPHOSPHATIDYL GLYCEROL; BIS-(1,2-DIACYL-SN-GLYCERO-3-PHOSPHO)-1',3'-SN-GLYCEROL
PG8	1,2-DIOCTANOYL-SN-GLYCERO-3-[PHOSPHO-RAC-(1-GLYCEROL)
MGE	(1S)-2-(ALPHA-L-ALLOPYRANOSYLOXY)-1-[(TRIDECANOYLOXY)METHYL]ETHYL PALMITATE; MONOGALACTOSYL-DIACYLGLYCEROL
DTV	(2S,3S)-1,4-DIMERCAPTOBUTANE-2,3-DIOL
L44	(2S)-1-hydroxy-3-(tetradecanoyloxy)propan-2-yl docosanoate
L2C	(2S)-3-HYDROXY-2-(NONANOYLOXY)PROPYL LAURATE
4AG	(2R)-3-HYDROXYPROPANE-1,2-DIYL DIHEXADECANOATE; SN-1,2-DIPALMITOYL DIACYLGLYCEROL
B3H	(2S)-2-(BUTYRYLOXY)-3-HYDROXYPROPYL NONANOATE
1EM	(1S)-2-HYDROXY-1-[(NONANOYLOXY)METHYL]ETHYL MYRISTATE
DDR	(2S)-3-hydroxypropane-1,2-diyl didecanoate; 1,2-DIDECANOYL-SN-GLYCEROL
I42	HYDROXY(DIOXIDO)OXOVANADIUM; VANADATE
CNS	HEXADECYL OCTANOATE
PC7	(7S)-4-HYDROXY-N,N,N-TRIMETHYL-9-OXO-7-[(PALMITOYLOXY)METHYL]-3,5,8-TRIOXA-4-PHOSPHAHEXACOSAN-1-AMINIUM 4-OXIDE; PHOSPHATIDYLCHOLINE; 1-PALMITOYL-2-STEAROYL-PC
HGP	(1-HEXADECANOYL-2-TETRADECANOYL-GLYCEROL-3-YL) PHOSPHONYL CHOLINE
PC8	1,2-DIOCTANOYL-SN-GLYCERO-3-PHOSPHOCHOLINE
HGX	1-HEPTADECANOYL-2-TRIDECANOYL-3-GLYCEROL-PHOSPHONYL CHOLINE
LIO	[1-PENTADECANOYL-2-DECANOYL-GLYCEROL-3-YL]PHOSPHONYL CHOLINE
PLD	di-heneicosanoyl phosphatidyl choline
PC2	DI-STEAROYL-3-SN-PHOSPHATIDYLCHOLINE
PCF	1,2-DIACYL-SN-GLYCERO-3-PHOSHOCHOLINE
MC3	1,2-DIMYRISTOYL-RAC-GLYCERO-3-PHOSPHOCHOLINE
P1O	1,2-DIDECANOYL-SN-GLYCERO-3-PHOSPHOCHOLINE
PLC	DIUNDECYL PHOSPHATIDYL CHOLINE
PC6	7-[(DODECANOYLOXY)METHYL]-4-HYDROXY-N,N,N-TRIMETHYL-9-OXO-3,5,8-TRIOXA-4-PHOSPHADOTRIACONTAN-1-AMINIUM 4-OXIDE
HSH	octyl beta-D-galactopyranoside; octyl beta-D-galactoside; octyl D-galactoside; octyl galactoside
BXC	(3R,7R,11R)-3,7,11,15-tetramethylhexadecyl alpha-D-ribopyranoside
HSG	octyl alpha-L-altropyranoside; octyl alpha-L-altroside; octyl L-altroside; octyl altroside
DPG	PHOSPHORIC ACID 2,3-BIS-(3,7,11,15-TETRAMETHYL-HEXADECYLOXY)-PROPYL ESTER 2-HYDROXO-3-PHOSPHONOOXY-PROPYL ESTER; DPHPG
2DP	3-[[3-METHYLPHOSPHONO-GLYCEROLYL]PHOSPHONYL]-[1,2-DI[2,6,10,14-TETRAMETHYL-HEXADECAN-16-YL]GLYCEROL
POV	(2S)-3-(hexadecanoyloxy)-2-[(9Z)-octadec-9-enoyloxy]propyl 2-(trimethylammonio)ethyl phosphate; POPC
PCW	1,2-DIOLEOYL-SN-GLYCERO-3-PHOSPHOCHOLINE; (Z,Z)-4-HYDROXY-N,N,N-TRIMETHYL-10-OXO-7-[(1-OXO-9-OCTADECENYL)OXY]-3,5,9-TRIOXA-4-PHOSPHAHEPTACOS-18-EN-1-AMINIUM-4-OXIDE
GVT	3,6,9,12,15,18,21,24,27-nonaoxaheptatriacontan-1-ol
CE9	DODECYL NONA ETHYLENE GLYCOL ETHER; POLYDOCANOL; THESIT
CXE	PENTAETHYLENE GLYCOL MONODECYL ETHER
C10	HEXAETHYLENE GLYCOL MONODECYL ETHER
CE1	O-DODECANYL OCTAETHYLENE GLYCOL; THESIT
SPJ	(3R,3'R)-N~1~,N~1~'-butane-1,4-diyldibutane-1,3-diamine; bis-(3R,3'R)-methyl spermine
SPZ	(3S,3'S)-N~1~,N~1~'-butane-1,4-diyldibutane-1,3-diamine; bis-(3S,3'S)-methyl spermine
SPK	SPERMINE (FULLY PROTONATED FORM)
SPW	N,N'-BIS(3-AMMONIOPROPYL)BUTANE-1,4-DIAMINIUM; SPERMINE (FULLY DEUTERATED FORM)
HT3	(2R,3S)-heptane-1,2,3-triol
HTH	(2S,3R)-heptane-1,2,3-triol; heptane-1,2,3-triol
2OP	(2S)-2-HYDROXYPROPANOIC ACID
3NI	NICKEL
BO3	BORIC ACID
DET	UNDECYLAMINE-N,N-DIMETHYL-N-OXIDE
D1D	(4S,5S)-1,2-DITHIANE-4,5-DIOL
SWE	alpha-D-fructofuranosyl alpha-D-glucopyranoside
SOG	octyl 1-thio-beta-D-glucopyranoside; 2-HYDROXYMETHYL-6-OCTYLSULFANYL-TETRAHYDRO-PYRAN-3,4,5-TRIOL; 1-S-OCTYL-BETA-D-THIOGLUCOSIDE; octyl 1-thio-beta-D-glucoside; octyl 1-thio-D-glucoside; octyl 1-thio-glucoside
